{
  "head": {
    "optimistic": {
      "arithmetic_mean_rank": 1506.975641025641,
      "count": 2340.0,
      "standard_deviation": 886.155770396289,
      "inverse_geometric_mean_rank": 0.0008845164874353056,
      "adjusted_arithmetic_mean_rank": 0.9224204544087187,
      "inverse_arithmetic_mean_rank": 0.0006635807326782034,
      "z_inverse_harmonic_mean_rank": -0.3181385860895114,
      "median_rank": 1452.0,
      "adjusted_arithmetic_mean_rank_index": 0.07762706114964246,
      "z_arithmetic_mean_rank": 6.491151668970915,
      "adjusted_geometric_mean_rank_index": 0.05917532314241147,
      "harmonic_mean_rank": 397.5975102974576,
      "median_absolute_deviation": 1068.2148984332862,
      "adjusted_inverse_harmonic_mean_rank": -0.0001471904695149284,
      "variance": 785272.0494066403,
      "inverse_harmonic_mean_rank": 0.002515106292420852,
      "geometric_mean_rank": 1130.5611757442125,
      "inverse_median_rank": 0.0006887052341597796,
      "z_geometric_mean_rank": 2.87859278093012,
      "hits_at_1": 0.0,
      "hits_at_3": 0.001282051282051282,
      "hits_at_5": 0.002564102564102564,
      "hits_at_10": 0.003418803418803419,
      "z_hits_at_k": 0.3025528485758131,
      "adjusted_hits_at_k": 0.00034722813029867874
    },
    "realistic": {
      "arithmetic_mean_rank": 1506.9764404296875,
      "count": 2340.0,
      "standard_deviation": 886.156494140625,
      "inverse_geometric_mean_rank": 0.0008845156407915056,
      "adjusted_arithmetic_mean_rank": 0.9224209437242882,
      "inverse_arithmetic_mean_rank": 0.0006635803729295731,
      "z_inverse_harmonic_mean_rank": -0.31813872329192616,
      "median_rank": 1452.0,
      "adjusted_arithmetic_mean_rank_index": 0.07762657153437924,
      "z_arithmetic_mean_rank": 6.491110727488831,
      "adjusted_geometric_mean_rank_index": 0.05917442350189572,
      "harmonic_mean_rank": 397.5975341796875,
      "median_absolute_deviation": 1068.2149658203125,
      "adjusted_inverse_harmonic_mean_rank": -0.0001471905329932014,
      "variance": 785273.3125,
      "inverse_harmonic_mean_rank": 0.0025151062291115522,
      "geometric_mean_rank": 1130.562255859375,
      "inverse_median_rank": 0.000688705244101584,
      "z_geometric_mean_rank": 2.8785490177775657,
      "hits_at_1": 0.0,
      "hits_at_3": 0.001282051282051282,
      "hits_at_5": 0.002564102564102564,
      "hits_at_10": 0.003418803418803419,
      "z_hits_at_k": 0.3025528485758131,
      "adjusted_hits_at_k": 0.00034722813029867874
    },
    "pessimistic": {
      "arithmetic_mean_rank": 1506.9773504273505,
      "count": 2340.0,
      "standard_deviation": 886.1572475783938,
      "inverse_geometric_mean_rank": 0.0008845157452007217,
      "adjusted_arithmetic_mean_rank": 0.922421500734259,
      "inverse_arithmetic_mean_rank": 0.0006635799799621532,
      "z_inverse_harmonic_mean_rank": -0.31813961123975165,
      "median_rank": 1452.0,
      "adjusted_arithmetic_mean_rank_index": 0.07762601418325354,
      "z_arithmetic_mean_rank": 6.491064121954167,
      "adjusted_geometric_mean_rank_index": 0.05917453295768926,
      "harmonic_mean_rank": 397.5975850766317,
      "median_absolute_deviation": 1068.2148984332862,
      "adjusted_inverse_harmonic_mean_rank": -0.0001471909438124576,
      "variance": 785274.6674357149,
      "inverse_harmonic_mean_rank": 0.002515105819385858,
      "geometric_mean_rank": 1130.5621244459269,
      "inverse_median_rank": 0.0006887052341597796,
      "z_geometric_mean_rank": 2.8785543422716344,
      "hits_at_1": 0.0,
      "hits_at_3": 0.001282051282051282,
      "hits_at_5": 0.002564102564102564,
      "hits_at_10": 0.003418803418803419,
      "z_hits_at_k": 0.3025528485758131,
      "adjusted_hits_at_k": 0.00034722813029867874
    }
  },
  "tail": {
    "optimistic": {
      "arithmetic_mean_rank": 1393.218376068376,
      "count": 2340.0,
      "standard_deviation": 996.8870966706681,
      "inverse_geometric_mean_rank": 0.001172532533940434,
      "adjusted_arithmetic_mean_rank": 0.8705725587062103,
      "inverse_arithmetic_mean_rank": 0.0007177625684366671,
      "z_inverse_harmonic_mean_rank": 4.782893081806685,
      "median_rank": 1268.0,
      "adjusted_arithmetic_mean_rank_index": 0.12950836646094266,
      "z_arithmetic_mean_rank": 10.820233085325924,
      "adjusted_geometric_mean_rank_index": 0.2751006956785098,
      "harmonic_mean_rank": 202.18977091200617,
      "median_absolute_deviation": 1274.2966068055648,
      "adjusted_inverse_harmonic_mean_rank": 0.0022374095475596566,
      "variance": 993783.883508474,
      "inverse_harmonic_mean_rank": 0.004945848622753542,
      "geometric_mean_rank": 852.854800232606,
      "inverse_median_rank": 0.0007886435331230284,
      "z_geometric_mean_rank": 13.38349225987691,
      "hits_at_1": 0.0,
      "hits_at_3": 0.0008547008547008547,
      "hits_at_5": 0.003418803418803419,
      "hits_at_10": 0.010256410256410256,
      "z_hits_at_k": 6.149934869750198,
      "adjusted_hits_at_k": 0.0071371387290092275
    },
    "realistic": {
      "arithmetic_mean_rank": 1393.21923828125,
      "count": 2340.0,
      "standard_deviation": 996.8875732421875,
      "inverse_geometric_mean_rank": 0.0011725317453965545,
      "adjusted_arithmetic_mean_rank": 0.8705730974723368,
      "inverse_arithmetic_mean_rank": 0.0007177621009759605,
      "z_inverse_harmonic_mean_rank": 4.782893039039396,
      "median_rank": 1268.0,
      "adjusted_arithmetic_mean_rank_index": 0.12950782735794986,
      "z_arithmetic_mean_rank": 10.820188044065674,
      "adjusted_geometric_mean_rank_index": 0.2751002306707301,
      "harmonic_mean_rank": 202.1897735595703,
      "median_absolute_deviation": 1274.296630859375,
      "adjusted_inverse_harmonic_mean_rank": 0.0022374095275533683,
      "variance": 993784.875,
      "inverse_harmonic_mean_rank": 0.004945848602801561,
      "geometric_mean_rank": 852.8553466796875,
      "inverse_median_rank": 0.0007886435487307608,
      "z_geometric_mean_rank": 13.383469637513109,
      "hits_at_1": 0.0,
      "hits_at_3": 0.0008547008547008547,
      "hits_at_5": 0.003418803418803419,
      "hits_at_10": 0.010256410256410256,
      "z_hits_at_k": 6.149934869750198,
      "adjusted_hits_at_k": 0.0071371387290092275
    },
    "pessimistic": {
      "arithmetic_mean_rank": 1393.2200854700855,
      "count": 2340.0,
      "standard_deviation": 996.8880809834324,
      "inverse_geometric_mean_rank": 0.001172531434185104,
      "adjusted_arithmetic_mean_rank": 0.8705736268504766,
      "inverse_arithmetic_mean_rank": 0.0007177616877828679,
      "z_inverse_harmonic_mean_rank": 4.78289190746225,
      "median_rank": 1268.0,
      "adjusted_arithmetic_mean_rank_index": 0.12950729764881375,
      "z_arithmetic_mean_rank": 10.820143787648291,
      "adjusted_geometric_mean_rank_index": 0.2751000149737505,
      "harmonic_mean_rank": 202.1897933089219,
      "median_absolute_deviation": 1274.2966068055648,
      "adjusted_inverse_harmonic_mean_rank": 0.002237408998208165,
      "variance": 993785.8460068303,
      "inverse_harmonic_mean_rank": 0.004945848074893272,
      "geometric_mean_rank": 852.855600152834,
      "inverse_median_rank": 0.0007886435331230284,
      "z_geometric_mean_rank": 13.383459143977817,
      "hits_at_1": 0.0,
      "hits_at_3": 0.0008547008547008547,
      "hits_at_5": 0.003418803418803419,
      "hits_at_10": 0.010256410256410256,
      "z_hits_at_k": 6.149934869750198,
      "adjusted_hits_at_k": 0.0071371387290092275
    }
  },
  "both": {
    "optimistic": {
      "arithmetic_mean_rank": 1450.0970085470085,
      "count": 4680.0,
      "standard_deviation": 944.8614423767098,
      "inverse_geometric_mean_rank": 0.0010183930274332252,
      "adjusted_arithmetic_mean_rank": 0.8967640097945027,
      "inverse_arithmetic_mean_rank": 0.0006896090358823622,
      "z_inverse_harmonic_mean_rank": 3.1768124292376108,
      "median_rank": 1372.5,